﻿{
  "data": [
    {
      "id": "1",
      "image": "new1.jpg",
      "title": "红色在心，长征在行”——我院党委学工部组织学生参观市教育系统庆祝中华人民共和国成立70周年主题巡展",
      "date": "2019-1-1",
      "author": "张三",
      "view": "99",
      "content": "为了纪念中华人民共和国建国70周年，深刻感受中国共产党创建始伊的艰难险阻及体会红军长征的革命精神，5月11日由党委副书记张中美带队，各系（院）辅导员，学生代表共计100余名一同前往同济大学嘉定校区同德楼和济人楼参观“红色的足迹 行进的伟业”——上海市教育系统庆祝中华人民共和国成立70周年主题巡展。本次主题巡展包涵了“伟大开端——中国共产党创建历史图片展”和“遵义会议伟大转折——遵义会议纪念馆主题展览”两个部分。学生在参观过程中认真观看了展览图片和相关史实资料，遵义会议展馆更是有同济大学讲解员进行了深入浅出的讲解，让我院学子再一次重温了中国共产党在成立过程中的艰难险阻并感叹不已，我们应该要珍惜眼前的生活，尊重历史，尊重前人。参观后学生也纷纷表示：新时代，我们一定要立足学生的本职工作，不忘初心，牢记使命，砥砺前行，为中华民族的伟大复兴献出自己的一份力量！"

    },    
    {
      "id": "2",
      "image": "new2.jpg",
      "title": "学院召开网站建设工作协调会",
      "date": "2019-1-1",
      "author": "张三",
      "view": "99",
      "content": "为加强我院网站建设，加快官网和部门网站升级换代，5月8日中午信息化办公室在行政北楼报告厅组织召开各系部网站建设协调会。参加会议的有院长助理张扬、各系部网站管理员、宣传部、信息办相关人员。会上徐德新老师对网站建设的整体规划、实施步骤、以及网站建设的背景进行说明，对信息发布规范提出要求，今后信息发布要严格流程，统一实施，统一管理。"

    },
    {
      "id": "3",
      "image": "new2.jpg",
      "title": "学院召开网站建设工作协调会",
      "date": "2019-1-1",
      "author": "张三",
      "view": "99",
      "content": "为加强我院网站建设，加快官网和部门网站升级换代，5月8日中午信息化办公室在行政北楼报告厅组织召开各系部网站建设协调会。参加会议的有院长助理张扬、各系部网站管理员、宣传部、信息办相关人员。会上徐德新老师对网站建设的整体规划、实施步骤、以及网站建设的背景进行说明，对信息发布规范提出要求，今后信息发布要严格流程，统一实施，统一管理。"

    }

  ]
}